3CX,*.3cx.com,2022/06/23,1,3CX provides easy to use IP PBX solutions
3CX,*.3cx.us,2022/06/23,1,3CX provides easy to use IP PBX solutions
3CX,3cx.com,2022/06/23,1,3CX provides easy to use IP PBX solutions
3CX,3cx.us,2022/06/23,1,3CX provides easy to use IP PBX solutions
Acronis,*.acronis.com,2022/07/15,1,Acronis provides backup security and disaster recovery solutions
Acronis,acronis-dl.akamaized.net,2022/07/15,1,Acronis provides backup security and disaster recovery solutions
Acronis,acronis.com,2022/07/15,1,Acronis provides backup security and disaster recovery solutions
Acronis,acronis.com.c.footprint.net,2022/07/15,1,Acronis provides backup security and disaster recovery solutions
Adopte,*.adopte.app,2022/06/24,1,Adopte is a dating plaform
Adopte,*.zaadoptujfaceta.pl,2022/06/24,1,Adopte is a dating plaform
Adopte,adopte.app,2022/06/24,1,Adopte is a dating plaform
Adopte,zaadoptujfaceta.pl,2022/06/24,1,Adopte is a dating plaform
Albicla,*.albicla.com,2022/06/24,1,
Albicla,*.albicla.pl,2022/06/24,1,
Albicla,albicla.com,2022/06/24,1,
Albicla,albicla.pl,2022/06/24,1,
AliorBankPolska,*.alior.pl,2022/06/23,1,
AliorBankPolska,*.aliorbank.pl,2022/06/23,1,
AliorBankPolska,alior.pl,2022/06/23,1,
AliorBankPolska,aliorbank.pl,2022/06/23,1,
AmazonChime,*.chime.aws,2022/06/23,1,Amazon Chime lets users meet and chat online
AmazonChime,chime.aws,2022/06/23,1,Amazon Chime lets users meet and chat online
AustralianGovernment,*.gov.au,2022/06/24,1,Sites on the gov.au domain provide public sector information and a point of access to government services for Australia
AustralianGovernment,aws-f5-nlb-4-ext-7abcd0f4bc68f45c.elb.ap-southeast-2.amazonaws.com,2022/06/24,1,Sites on the gov.au domain provide public sector information and a point of access to government services for Australia
AustralianGovernment,gov.au,2022/06/24,1,Sites on the gov.au domain provide public sector information and a point of access to government services for Australia
AustralianGovernment,gov.au.cdn.cloudflare.net,2022/06/24,1,Sites on the gov.au domain provide public sector information and a point of access to government services for Australia
AustralianGovernment,govcms.map.fastly.net,2022/06/24,1,Sites on the gov.au domain provide public sector information and a point of access to government services for Australia
Badoo,*.badoo.app,2022/06/23,1,
Badoo,*.badoo.com,2022/06/23,1,
Badoo,*.badoo.com.ru,2022/06/23,1,
Badoo,*.badoocdn.com,2022/06/23,1,
Badoo,*.bumble.com,2022/06/23,1,
Badoo,badoo.app,2022/06/23,1,
Badoo,badoo.com,2022/06/23,1,
Badoo,badoo.com.ru,2022/06/23,1,
Badoo,badoocdn.com,2022/06/23,1,
Badoo,bumble.com,2022/06/23,1,
Bitmoji,*.bitmoji.com,2022/06/23,1,
Bitmoji,bitmoji.com,2022/06/23,1,
BrazilianGovernment,*.gov.br,2022/06/24,1,Brazilian Government sites
BrazilianGovernment,gov.br,2022/06/24,1,Brazilian Government sites
CanadianGovernment,*.canada.ca,2022/06/24,1,Canadian Government sites
CanadianGovernment,*.gc.ca,2022/06/24,1,Canadian Government sites
CanadianGovernment,*.statcan.ca,2022/06/24,1,Canadian Government sites
CanadianGovernment,canada.ca,2022/06/24,1,Canadian Government sites
CanadianGovernment,gc.ca,2022/06/24,1,Canadian Government sites
CanadianGovernment,statcan.ca,2022/06/24,1,Canadian Government sites
CiscoUmbrellaDNS,*.doh.umbrella.com,2022/07/16,1,Cisco Umbrella (formely OpenDNS) continues to offer DNS-layer security separately to simplify security for businesses of all sizes
CiscoUmbrellaDNS,208.67.220.220,2022/07/16,1,Cisco Umbrella (formely OpenDNS) continues to offer DNS-layer security separately to simplify security for businesses of all sizes
CiscoUmbrellaDNS,208.67.221.76,2022/07/16,1,Cisco Umbrella (formely OpenDNS) continues to offer DNS-layer security separately to simplify security for businesses of all sizes
CiscoUmbrellaDNS,208.67.222.222,2022/07/16,1,Cisco Umbrella (formely OpenDNS) continues to offer DNS-layer security separately to simplify security for businesses of all sizes
CiscoUmbrellaDNS,208.67.223.76,2022/07/16,1,Cisco Umbrella (formely OpenDNS) continues to offer DNS-layer security separately to simplify security for businesses of all sizes
CiscoUmbrellaDNS,2620:119:17::76,2022/07/16,1,Cisco Umbrella (formely OpenDNS) continues to offer DNS-layer security separately to simplify security for businesses of all sizes
CiscoUmbrellaDNS,2620:119:35::35,2022/07/16,1,Cisco Umbrella (formely OpenDNS) continues to offer DNS-layer security separately to simplify security for businesses of all sizes
CiscoUmbrellaDNS,2620:119:53::53,2022/07/16,1,Cisco Umbrella (formely OpenDNS) continues to offer DNS-layer security separately to simplify security for businesses of all sizes
CiscoUmbrellaDNS,2620:119:76::76,2022/07/16,1,Cisco Umbrella (formely OpenDNS) continues to offer DNS-layer security separately to simplify security for businesses of all sizes
CiscoUmbrellaDNS,doh.umbrella.com,2022/07/16,1,Cisco Umbrella (formely OpenDNS) continues to offer DNS-layer security separately to simplify security for businesses of all sizes
CloudFlarePublicDNS,*.cloudflare-dns.com,2022/07/16,2,CloudFlare provides fast public DNS resolvers free of charge in three difrent flavours normal security and for families
CloudFlarePublicDNS,1.0.0.1,2022/07/16,2,CloudFlare provides fast public DNS resolvers free of charge in three difrent flavours normal security and for families
CloudFlarePublicDNS,1.0.0.2,2022/07/16,2,CloudFlare provides fast public DNS resolvers free of charge in three difrent flavours normal security and for families
CloudFlarePublicDNS,1.0.0.3,2022/07/16,2,CloudFlare provides fast public DNS resolvers free of charge in three difrent flavours normal security and for families
CloudFlarePublicDNS,1.1.1.1,2022/07/16,2,CloudFlare provides fast public DNS resolvers free of charge in three difrent flavours normal security and for families
CloudFlarePublicDNS,1.1.1.2,2022/07/16,2,CloudFlare provides fast public DNS resolvers free of charge in three difrent flavours normal security and for families
CloudFlarePublicDNS,1.1.1.3,2022/07/16,2,CloudFlare provides fast public DNS resolvers free of charge in three difrent flavours normal security and for families
CloudFlarePublicDNS,2606:4700:4700::1001,2022/07/16,2,CloudFlare provides fast public DNS resolvers free of charge in three difrent flavours normal security and for families
CloudFlarePublicDNS,2606:4700:4700::1002,2022/07/16,2,CloudFlare provides fast public DNS resolvers free of charge in three difrent flavours normal security and for families
CloudFlarePublicDNS,2606:4700:4700::1003,2022/07/16,2,CloudFlare provides fast public DNS resolvers free of charge in three difrent flavours normal security and for families
CloudFlarePublicDNS,2606:4700:4700::1111,2022/07/16,2,CloudFlare provides fast public DNS resolvers free of charge in three difrent flavours normal security and for families
CloudFlarePublicDNS,2606:4700:4700::1112,2022/07/16,2,CloudFlare provides fast public DNS resolvers free of charge in three difrent flavours normal security and for families
CloudFlarePublicDNS,2606:4700:4700::1113,2022/07/16,2,CloudFlare provides fast public DNS resolvers free of charge in three difrent flavours normal security and for families
CloudFlarePublicDNS,2606:4700:4700::64,2022/07/16,2,CloudFlare provides fast public DNS resolvers free of charge in three difrent flavours normal security and for families
CloudFlarePublicDNS,2606:4700:4700::6400,2022/07/16,2,CloudFlare provides fast public DNS resolvers free of charge in three difrent flavours normal security and for families
CloudFlarePublicDNS,cloudflare-dns.com,2022/07/16,2,CloudFlare provides fast public DNS resolvers free of charge in three difrent flavours normal security and for families
CyberGhostVPN,*.cyberghostvpn.com,2022/06/24,1,CyberGhost provides VPN privacy and security solutions
CyberGhostVPN,cyberghostvpn.com,2022/06/24,1,CyberGhost provides VPN privacy and security solutions
CyberGhostVPN,cyberghostvpn.com.cdn.cloudflare.net,2022/06/24,1,CyberGhost provides VPN privacy and security solutions
Dell,*.dell.com,2022/06/24,1,
Dell,*.dellcdn.com,2022/06/24,1,
Dell,*.delldesignsystem.com,2022/06/24,1,
Dell,*.dellemc,2022/06/24,1,
Dell,*.delltechnologies.com,2022/06/24,1,
Dell,dell--c.documentforce.com,2022/06/24,1,
Dell,dell-gcm.appspot.com,2022/06/24,1,
Dell,dell.com,2022/06/24,1,
Dell,dell.my.salesforce.com,2022/06/24,1,
Dell,dellcdn.com,2022/06/24,1,
Dell,delldesignsystem.com,2022/06/24,1,
Dell,dellemc.com,2022/06/24,1,
Dell,dellicm-dell-na*.secure.force.com,2022/06/24,1,
Dell,dellinc.tt.omtrdc.net,2022/06/24,1,
Dell,dellpartnerincentives.zendesk.com,2022/06/24,1,
Dell,delltechnologies.com,2022/06/24,1,
Dell,delltechnologies.demdex.net,2022/06/24,1,
Dell,delltechnologiesprod.112.2o7.net,2022/06/24,1,
Dell,fast.dell.demdex.net,2022/06/24,1,
DellDownloads,dellupdater.dell.com,2022/07/06,2,
DellDownloads,dl.dell.com,2022/07/06,2,
DellDownloads,downloads.dell.com,2022/07/06,2,
DellDownloads,updater.dell.com,2022/07/06,2,
DellSupport,*.dellsupportcenter.com,2022/06/24,1,
DellSupport,dellsupportcenter.com,2022/06/24,1,
DellSupport,es-mc-ssh-ds1.compellent.com,2022/06/23,1,
DellSupport,es-mc-ssh-ssh1.compellent.com,2022/06/23,1,
DellSupport,es-mc-ssh-ssh2.compellent.com,2022/06/23,1,
DellSupport,sa.apis.dell.com,2022/06/24,1,
DellSupport,saservices.dell.com,2022/06/24,1,
DellSupport,sshdisp.g3.ph.dell.com,2022/06/23,1,
DellSupport,stor.g2.ph.dell.com,2022/06/23,1,
DellSupport,stor.g3.ph.dell.com,2022/06/23,1,
DellSupport,support.dell.com,2022/06/24,1,
DellSupport,supportassist.dell.com,2022/06/23,1,
DellSupport,supportkb.dell.com,2022/06/23,1,
DellSupport,web1.compellent.com,2022/06/23,1,
DellSupport,web2.compellent.com,2022/06/23,1,
Discord,*.discord.com,2022/06/23,1,
Discord,*.discord.gg,2022/06/23,1,
Discord,*.discord.media,2022/06/23,1,
Discord,*.discordapp.com,2022/06/23,1,
Discord,*.discordapp.net,2022/06/23,1,
Discord,*.discordstatus.com,2022/06/23,1,
Discord,discord.com,2022/06/23,1,
Discord,discord.gg,2022/06/23,1,
Discord,discord.media,2022/06/23,1,
Discord,discordapp.com,2022/06/23,1,
Discord,discordapp.net,2022/06/23,1,
Discord,discordstatus.com,2022/06/23,1,
Discourse,*.bydiscourse.com,2022/06/23,1,
Discourse,*.discourse-cdn.com,2022/06/23,1,
Discourse,*.discourse.cloud,2022/06/23,1,
Discourse,*.discourse.org,2022/06/23,1,
Discourse,*.hosted-by-discourse.com,2022/06/23,1,
Discourse,bydiscourse.com,2022/06/23,1,
Discourse,discourse-cdn.com,2022/06/23,1,
Discourse,discourse.cloud,2022/06/23,1,
Discourse,discourse.org,2022/06/23,1,
Discourse,hosted-by-discourse.com,2022/06/23,1,
Douyin,*.douyin.com,2022/06/23,1,
Douyin,*.douyincdn.com,2022/06/23,1,
Douyin,*.douyincdn.com.c.bytefcdn.com,2022/06/23,1,
Douyin,*.douyincdn.com.tcdnlive.com,2022/06/23,1,
Douyin,*.douyinpic.com,2022/06/23,1,
Douyin,*.douyinstatic.com,2022/06/23,1,
Douyin,*.douyinvod.com,2022/06/23,1,
Douyin,douyin.com,2022/06/23,1,
Douyin,douyincdn.com,2022/06/23,1,
Douyin,douyincdn.com.c.bytefcdn.com,2022/06/23,1,
Douyin,douyincdn.com.c.cdnhwc1.com,2022/06/23,1,
Douyin,douyincdn.com.livecdn.liveplay.myqcloud.com,2022/06/23,1,
Douyin,douyincdn.com.m.alikunlun.net,2022/06/23,1,
Douyin,douyincdn.com.tcdnlive.com,2022/06/23,1,
Douyin,douyincdn.com.w.cdngslb.com,2022/06/23,1,
Douyin,douyincdn.com.wsdvs.com,2022/06/23,1,
Douyin,douyinpic.com,2022/06/23,1,
Douyin,douyinstatic.com,2022/06/23,1,
Douyin,douyinvod.com,2022/06/23,1,
Douyin,lf6-douyin-ckv-tos.pstatp.com,2022/06/23,1,
ExpressVPN,*.expressapisv2.net,2022/06/24,1,ExpressVPN is a virtual private network service offered by the British Virgin Islands-registered company
ExpressVPN,*.expressvpn.com,2022/06/24,1,ExpressVPN is a virtual private network service offered by the British Virgin Islands-registered company
ExpressVPN,*.mb6gpu84.com,2022/06/24,1,ExpressVPN is a virtual private network service offered by the British Virgin Islands-registered company
ExpressVPN,expressapisv2.net,2022/06/24,1,ExpressVPN is a virtual private network service offered by the British Virgin Islands-registered company
ExpressVPN,expressvpn.com,2022/06/24,1,ExpressVPN is a virtual private network service offered by the British Virgin Islands-registered company
ExpressVPN,mb6gpu84.com,2022/06/24,1,ExpressVPN is a virtual private network service offered by the British Virgin Islands-registered company
Facebook,*.accountkit.com,2022/06/23,1,
Facebook,*.atdmt.com,2022/06/23,1,
Facebook,*.atlassolutions.com,2022/06/23,1,
Facebook,*.facebook-dns.com,2022/06/23,1,
Facebook,*.facebook-hardware.com,2022/06/23,1,
Facebook,*.facebook.com,2022/06/23,1,
Facebook,*.facebook.com,2022/06/23,1,
Facebook,*.facebook.it,2022/06/23,1,
Facebook,*.facebook.net,2022/06/23,1,
Facebook,*.facebookcareers.com,2022/06/23,1,
Facebook,*.facebookenterprise.com,2022/06/23,1,
Facebook,*.facebookmail.com,2022/06/23,1,
Facebook,*.facebookrecruiting.com,2022/06/23,1,
Facebook,*.facebookstudy.com,2022/06/23,1,
Facebook,*.facebookvirtualassistant.com,2022/06/23,1,
Facebook,*.fb.audio,2022/06/23,1,
Facebook,*.fb.com,2022/06/23,1,
Facebook,*.fb.gg,2022/06/23,1,
Facebook,*.fb.me,2022/06/23,1,
Facebook,*.fb.watch,2022/06/23,1,
Facebook,*.fbcdn.net,2022/06/23,1,
Facebook,*.fbe2e.com,2022/06/23,1,
Facebook,*.fbinfra.net,2022/06/23,1,
Facebook,*.fbpigeon.com,2022/06/23,1,
Facebook,*.fbsbx.com,2022/06/23,1,
Facebook,*.fbthirdpartypixel.com,2022/06/23,1,
Facebook,*.fbwat.ch,2022/06/23,1,
Facebook,*.internet.org,2022/06/23,1,
Facebook,*.m-freeway.com,2022/06/23,1,
Facebook,*.parse.com,2022/06/23,1,
Facebook,*.wit.ai,2022/06/23,1,
Facebook,accountkit.com,2022/06/23,1,
Facebook,atdmt.com,2022/06/23,1,
Facebook,atlassolutions.com,2022/06/23,1,
Facebook,facebook-dns.com,2022/06/23,1,
Facebook,facebook-hardware.com,2022/06/23,1,
Facebook,facebook.com,2022/06/23,1,
Facebook,facebook.com,2022/06/23,1,
Facebook,facebook.it,2022/06/23,1,
Facebook,facebook.net,2022/06/23,1,
Facebook,facebookcareers.com,2022/06/23,1,
Facebook,facebookenterprise.com,2022/06/23,1,
Facebook,facebookmail.com,2022/06/23,1,
Facebook,facebookrecruiting.com,2022/06/23,1,
Facebook,facebookstudy.com,2022/06/23,1,
Facebook,facebookvirtualassistant.com,2022/06/23,1,
Facebook,fb.audio,2022/06/23,1,
Facebook,fb.com,2022/06/23,1,
Facebook,fb.gg,2022/06/23,1,
Facebook,fb.me,2022/06/23,1,
Facebook,fb.watch,2022/06/23,1,
Facebook,fbcdn-creative-*.akamaihd.net,2022/06/23,1,
Facebook,fbcdn-profile-*.akamaihd.net,2022/06/23,1,
Facebook,fbcdn-sphotos-*.akamaihd.net,2022/06/23,1,
Facebook,fbcdn.net,2022/06/23,1,
Facebook,fbe2e.com,2022/06/23,1,
Facebook,fbexternal-*.akamaihd.net,2022/06/23,1,
Facebook,fbinfra.net,2022/06/23,1,
Facebook,fbpigeon.com,2022/06/23,1,
Facebook,fbsbx.com,2022/06/23,1,
Facebook,fbstatic-*.akamaihd.net,2022/06/23,1,
Facebook,fbthirdpartypixel.com,2022/06/23,1,
Facebook,fbwat.ch,2022/06/23,1,
Facebook,internet.org,2022/06/23,1,
Facebook,m-freeway.com,2022/06/23,1,
Facebook,parse.com,2022/06/23,1,
Facebook,wit.ai,2022/06/23,1,
FacebookMessenger,*.m.me,2022/06/23,1,
FacebookMessenger,*.messenger.com,2022/06/23,1,
FacebookMessenger,*.msngr.com,2022/06/23,1,
FacebookMessenger,m.me,2022/06/23,1,
FacebookMessenger,messenger.com,2022/06/23,1,
FacebookMessenger,msngr.com,2022/06/23,1,
FerroBackup,*.ferrobackup.com,2022/07/15,1,Ferro Backup provides LAN backup solutions
FerroBackup,ferrobackup.com,2022/07/15,1,Ferro Backup provides LAN backup solutions
Flickr,*.flic.kr,2022/06/23,1,
Flickr,*.flickr.com,2022/06/23,1,
Flickr,*.flickr.net,2022/06/23,1,
Flickr,*.flickrprints.com,2022/06/23,1,
Flickr,*.flickrpro.com,2022/06/23,1,
Flickr,*.staticflickr.com,2022/06/23,1,
Flickr,d3j7xsc0vda5xv.cloudfront.net,2022/06/23,1,
Flickr,flic.kr,2022/06/23,1,
Flickr,flickr.com,2022/06/23,1,
Flickr,flickr.net,2022/06/23,1,
Flickr,flickrprints.com,2022/06/23,1,
Flickr,flickrpro.com,2022/06/23,1,
Flickr,live-staticflickr-com.cdn.ampproject.org,2022/06/23,1,
Flickr,staticflickr.com,2022/06/23,1,
Fotka,*.fotka.com,2022/06/24,1,Fotka is dating and social media plaform from Poland
Fotka,*.fotka.pl,2022/06/24,1,Fotka is dating and social media plaform from Poland
Fotka,fotka.com,2022/06/24,1,Fotka is dating and social media plaform from Poland
Fotka,fotka.pl,2022/06/24,1,Fotka is dating and social media plaform from Poland
GameBean,*.game-bean.com,2022/06/24,1,Game Bean is a Chinese online game (The King of Fighters)
GameBean,game-bean.com,2022/06/24,1,Game Bean is a Chinese online game (The King of Fighters)
GG,*.gadu-gadu.pl,2022/06/23,1,GG (formely Gadu-Gadu) is a Polish instant messaging app
GG,*.gg.pl,2022/06/23,1,GG (formely Gadu-Gadu) is a Polish instant messaging app
GG,gadu-gadu.pl,2022/06/23,1,GG (formely Gadu-Gadu) is a Polish instant messaging app
GG,gg.pl,2022/06/23,1,GG (formely Gadu-Gadu) is a Polish instant messaging app
GooglePublicDNS,*.dns.google,2022/07/16,2,Google provides fast public DNS resolvers free of charge
GooglePublicDNS,*.dns.google.com,2022/07/16,2,Google provides fast public DNS resolvers free of charge
GooglePublicDNS,2001:4860:4860::64,2022/07/16,2,Google provides fast public DNS resolvers free of charge
GooglePublicDNS,2001:4860:4860::6464,2022/07/16,2,Google provides fast public DNS resolvers free of charge
GooglePublicDNS,2001:4860:4860::8844,2022/07/16,2,Google provides fast public DNS resolvers free of charge
GooglePublicDNS,2001:4860:4860::8888,2022/07/16,2,Google provides fast public DNS resolvers free of charge
GooglePublicDNS,8.8.4.4,2022/07/16,2,Google provides fast public DNS resolvers free of charge
GooglePublicDNS,8.8.8.8,2022/07/16,2,Google provides fast public DNS resolvers free of charge
GooglePublicDNS,dns.google,2022/07/16,2,Google provides fast public DNS resolvers free of charge
GooglePublicDNS,dns.google.com,2022/07/16,2,Google provides fast public DNS resolvers free of charge
Gravatar,*-gravatar-com.cdn.ampproject.org,2022/06/23,1,
Gravatar,*.gravatar.com,2022/06/23,1,
Gravatar,gravatar.com,2022/06/23,1,
HideMeVPN,*.hide.me,2022/06/24,1,HideMe VPN offers privacy protection
HideMeVPN,hide.me,2022/06/24,1,HideMe VPN offers privacy protection
HMAVPN,*.hidemyass.com,2022/06/24,1,HMA (formerly HideMyAss) is a VPN service founded in 2005 in the United Kingdom
HMAVPN,*.prcdn.net,2022/06/24,1,HMA (formerly HideMyAss) is a VPN service founded in 2005 in the United Kingdom
HMAVPN,hidemyass.com,2022/06/24,1,HMA (formerly HideMyAss) is a VPN service founded in 2005 in the United Kingdom
HMAVPN,prcdn.net,2022/06/24,1,HMA (formerly HideMyAss) is a VPN service founded in 2005 in the United Kingdom
HolaVPN,*.hola.org,2022/06/24,1,Hola is a peer to peer network that provides everyone on the planet with freedom to access all of the Web
HolaVPN,hola.org,2022/06/24,1,Hola is a peer to peer network that provides everyone on the planet with freedom to access all of the Web
HotspotShield,*.anchorfree.com,2022/06/24,1,Hotspot Shield's VPN provides privacy
HotspotShield,*.hotspotshield.com,2022/06/24,1,Hotspot Shield's VPN provides privacy
HotspotShield,*.hsselite.com,2022/06/24,1,Hotspot Shield's VPN provides privacy
HotspotShield,anchorfree.com,2022/06/24,1,Hotspot Shield's VPN provides privacy
HotspotShield,hotspotshield.com,2022/06/24,1,Hotspot Shield's VPN provides privacy
HotspotShield,hsselite.com,2022/06/24,1,Hotspot Shield's VPN provides privacy
Houseparty,*.houseparty.com,2022/06/23,1,Houseparty is a social networking service that enables group video chatting through mobile and desktop apps
Houseparty,*.joinhouse.party,2022/06/23,1,Houseparty is a social networking service that enables group video chatting through mobile and desktop apps
Houseparty,*.secrethouse.party,2022/06/23,1,Houseparty is a social networking service that enables group video chatting through mobile and desktop apps
Houseparty,houseparty.com,2022/06/23,1,Houseparty is a social networking service that enables group video chatting through mobile and desktop apps
Houseparty,joinhouse.party,2022/06/23,1,Houseparty is a social networking service that enables group video chatting through mobile and desktop apps
Houseparty,secrethouse.party,2022/06/23,1,Houseparty is a social networking service that enables group video chatting through mobile and desktop apps
Instagram,*.cdninstagram.com,2022/06/23,1,
Instagram,*.ig.me,2022/06/23,1,
Instagram,*.instagram.com,2022/06/23,1,
Instagram,cdninstagram.com,2022/06/23,1,
Instagram,ig.me,2022/06/23,1,
Instagram,instagram.com,2022/06/23,1,
Kwai,*.kwai-pro.com,2022/06/23,1,
Kwai,*.kwai.com,2022/06/23,1,
Kwai,*.kwai.net,2022/06/23,1,
Kwai,*.kwaicdn.com,2022/06/23,1,
Kwai,kwai-pro.com,2022/06/23,1,
Kwai,kwai.com,2022/06/23,1,
Kwai,kwai.com.akadns.net,2022/06/23,1,
Kwai,kwai.net,2022/06/23,1,
Kwai,kwai.net.cdn.cloudflare.net,2022/06/23,1,
Kwai,kwai.net.liveplay.myqcloud.com,2022/06/23,1,
Kwai,kwai.net.w.kunlunsl.com,2022/06/23,1,
Kwai,kwaicdn.com,2022/06/23,1,
Kwai,kwaicdn.com.3dce113f.c.cdnhwc1.com,2022/06/23,1,
Kwai,kwaicdn.com.w.cdngslb.com,2022/06/23,1,
Kwai,kwaicdn.com.wsdvs.com,2022/06/23,1,
Line,*.gcld-line.com,2022/06/23,1,
Line,*.lin.ee,2022/06/23,1,
Line,*.line-apps-beta.com,2022/06/23,1,
Line,*.line-apps-rc.com,2022/06/23,1,
Line,*.line-apps.com,2022/06/23,1,
Line,*.line-cdn.net,2022/06/23,1,
Line,*.line-scdn.net,2022/06/23,1,
Line,*.line.me,2022/06/23,1,
Line,*.line.naver.jp,2022/06/23,1,
Line,*.linecorp.com,2022/06/23,1,
Line,*.linemyshop.com,2022/06/23,1,
Line,*.lineshoppingseller.com,2022/06/23,1,
Line,gcld-line.com,2022/06/23,1,
Line,lin.ee,2022/06/23,1,
Line,line-apps-beta.com,2022/06/23,1,
Line,line-apps-rc.com,2022/06/23,1,
Line,line-apps.com,2022/06/23,1,
Line,line-apps.com.akadns.net,2022/06/23,1,
Line,line-cdn.net,2022/06/23,1,
Line,line-scdn.net,2022/06/23,1,
Line,line.me,2022/06/23,1,
Line,line.naver.jp,2022/06/23,1,
Line,linecorp.com,2022/06/23,1,
Line,linemyshop.com,2022/06/23,1,
Line,lineshoppingseller.com,2022/06/23,1,
Line,today-line-me.cdn.ampproject.org,2022/06/23,1,
LinkedIn,*.licdn.cn,2022/06/23,1,
LinkedIn,*.licdn.com,2022/06/23,1,
LinkedIn,*.linkedin.at,2022/06/23,1,
LinkedIn,*.linkedin.at,2022/06/23,1,
LinkedIn,*.linkedin.cn,2022/06/23,1,
LinkedIn,*.linkedin.cn,2022/06/23,1,
LinkedIn,*.linkedin.com,2022/06/23,1,
LinkedIn,*.lnkd.in,2022/06/23,1,
LinkedIn,e122475.dscg.akamaiedge.net,2022/06/23,1,
LinkedIn,licdn.cn,2022/06/23,1,
LinkedIn,licdn.cn.cdn20.com,2022/06/23,1,
LinkedIn,licdn.com,2022/06/23,1,
LinkedIn,linkedin.at,2022/06/23,1,
LinkedIn,linkedin.at,2022/06/23,1,
LinkedIn,linkedin.cn,2022/06/23,1,
LinkedIn,linkedin.cn,2022/06/23,1,
LinkedIn,linkedin.com,2022/06/23,1,
LinkedIn,linkedin.sc.omtrdc.net,2022/06/23,1,
LinkedIn,lnkd.in,2022/06/23,1,
mBankPolska,*.mbank.pl,2022/06/23,1,
mBankPolska,mbank.pl,2022/06/23,1,
Meta,*.meta.com,2022/06/23,1,
Meta,*.metacareers.com,2022/06/23,1,
Meta,meta.com,2022/06/23,1,
Meta,metacareers.com,2022/06/23,1,
NordVPN,*.73dkt-vwrqs.xyz,2022/06/24,1,NordVPN is a personal virtual private network service provider
NordVPN,*.icpsuawn1zy5amys.com,2022/06/24,1,NordVPN is a personal virtual private network service provider
NordVPN,*.judua3rtinpst0s.xyz,2022/06/24,1,NordVPN is a personal virtual private network service provider
NordVPN,*.mzhlhrfr8z.info,2022/06/24,1,NordVPN is a personal virtual private network service provider
NordVPN,*.ndaccount.com,2022/06/24,1,NordVPN is a personal virtual private network service provider
NordVPN,*.njtzzrvg0lwj3bsn.info,2022/06/24,1,NordVPN is a personal virtual private network service provider
NordVPN,*.nord-apps.com,2022/06/24,1,NordVPN is a personal virtual private network service provider
NordVPN,*.nordaccount.com,2022/06/24,1,NordVPN is a personal virtual private network service provider
NordVPN,*.nordcdn.com,2022/06/24,1,NordVPN is a personal virtual private network service provider
NordVPN,*.nordpass.com,2022/06/24,1,NordVPN is a personal virtual private network service provider
NordVPN,*.nordvpn.com,2022/06/24,1,NordVPN is a personal virtual private network service provider
NordVPN,*.nordvpn.net,2022/06/24,1,NordVPN is a personal virtual private network service provider
NordVPN,*.nordvpnteams.com,2022/06/24,1,NordVPN is a personal virtual private network service provider
NordVPN,*.ns8469rfvth42.xyz,2022/06/24,1,NordVPN is a personal virtual private network service provider
NordVPN,*.otmwumj6qw5em0zb.me,2022/06/24,1,NordVPN is a personal virtual private network service provider
NordVPN,*.p99nxpivfscyverz.me,2022/06/24,1,NordVPN is a personal virtual private network service provider
NordVPN,*.x9fnzrtl4x8pynsf.com,2022/06/24,1,NordVPN is a personal virtual private network service provider
NordVPN,*.zwyr157wwiu6eior.com,2022/06/24,1,NordVPN is a personal virtual private network service provider
NordVPN,73dkt-vwrqs.xyz,2022/06/24,1,NordVPN is a personal virtual private network service provider
NordVPN,icpsuawn1zy5amys.com,2022/06/24,1,NordVPN is a personal virtual private network service provider
NordVPN,judua3rtinpst0s.xyz,2022/06/24,1,NordVPN is a personal virtual private network service provider
NordVPN,mzhlhrfr8z.info,2022/06/24,1,NordVPN is a personal virtual private network service provider
NordVPN,ndaccount.com,2022/06/24,1,NordVPN is a personal virtual private network service provider
NordVPN,njtzzrvg0lwj3bsn.info,2022/06/24,1,NordVPN is a personal virtual private network service provider
NordVPN,nord-apps.com,2022/06/24,1,NordVPN is a personal virtual private network service provider
NordVPN,nordaccount.com,2022/06/24,1,NordVPN is a personal virtual private network service provider
NordVPN,nordcdn.com,2022/06/24,1,NordVPN is a personal virtual private network service provider
NordVPN,nordpass.com,2022/06/24,1,NordVPN is a personal virtual private network service provider
NordVPN,nordvpn.com,2022/06/24,1,NordVPN is a personal virtual private network service provider
NordVPN,nordvpn.net,2022/06/24,1,NordVPN is a personal virtual private network service provider
NordVPN,nordvpnteams.com,2022/06/24,1,NordVPN is a personal virtual private network service provider
NordVPN,ns8469rfvth42.xyz,2022/06/24,1,NordVPN is a personal virtual private network service provider
NordVPN,otmwumj6qw5em0zb.me,2022/06/24,1,NordVPN is a personal virtual private network service provider
NordVPN,p99nxpivfscyverz.me,2022/06/24,1,NordVPN is a personal virtual private network service provider
NordVPN,x9fnzrtl4x8pynsf.com,2022/06/24,1,NordVPN is a personal virtual private network service provider
NordVPN,zwyr157wwiu6eior.com,2022/06/24,1,NordVPN is a personal virtual private network service provider
OkCupid,*.okcupid.com,2022/06/23,1,
OkCupid,okcupid.com,2022/06/23,1,
OneDrive,*.1drv.com,2022/06/24,1,Microsoft OneDrive - Store photos and docs online
OneDrive,*.1drv.ms,2022/06/24,1,Microsoft OneDrive - Store photos and docs online
OneDrive,*.livefilestore.com,2022/06/24,1,Microsoft OneDrive - Store photos and docs online
OneDrive,*.onedrive.com,2022/06/24,1,Microsoft OneDrive - Store photos and docs online
OneDrive,*.onedrive.live.com,2022/06/24,1,Microsoft OneDrive - Store photos and docs online
OneDrive,*.skyapi.live.net,2022/06/24,1,Microsoft OneDrive - Store photos and docs online
OneDrive,*.skyapi.policies.live.net,2022/06/24,1,Microsoft OneDrive - Store photos and docs online
OneDrive,*.skydrivesync.policies.live.net,2022/06/24,1,Microsoft OneDrive - Store photos and docs online
OneDrive,*.storage.live.com,2022/06/24,1,Microsoft OneDrive - Store photos and docs online
OneDrive,1drv.com,2022/06/24,1,Microsoft OneDrive - Store photos and docs online
OneDrive,1drv.ms,2022/06/24,1,Microsoft OneDrive - Store photos and docs online
OneDrive,docs.live.net,2022/06/24,1,Microsoft OneDrive - Store photos and docs online
OneDrive,livefilestore.com,2022/06/24,1,Microsoft OneDrive - Store photos and docs online
OneDrive,onedrive.akadns.net,2022/06/24,1,Microsoft OneDrive - Store photos and docs online
OneDrive,onedrive.com,2022/06/24,1,Microsoft OneDrive - Store photos and docs online
OneDrive,onedrive.live.com,2022/06/24,1,Microsoft OneDrive - Store photos and docs online
OneDrive,settings.live.net,2022/06/24,1,Microsoft OneDrive - Store photos and docs online
OneDrive,skyapi.live.net,2022/06/24,1,Microsoft OneDrive - Store photos and docs online
OneDrive,skyapi.policies.live.net,2022/06/24,1,Microsoft OneDrive - Store photos and docs online
OneDrive,skydrivesync.policies.live.net,2022/06/24,1,Microsoft OneDrive - Store photos and docs online
OneDrive,storage.live.com,2022/06/24,1,Microsoft OneDrive - Store photos and docs online
OneDrive,windows.policies.live.net,2022/06/24,1,Microsoft OneDrive - Store photos and docs online
OpenWeb,*.openweb.com,2022/06/23,1,
OpenWeb,*.spot.im,2022/06/23,1,
OpenWeb,94ece80e-kong-kongproxy-066b-501047668.us-east-1.elb.amazonaws.com,2022/06/23,1,
OpenWeb,amp-spot-im.cdn.ampproject.org,2022/06/23,1,
OpenWeb,openweb.com,2022/06/23,1,
OpenWeb,spot.im,2022/06/23,1,
PIAVPN,*.privateinternetaccess.com,2022/06/24,1,PIA VPN is a VPN service with an emphasis on online privacy security open source code and freedoms
PIAVPN,privateinternetaccess.com,2022/06/24,1,PIA VPN is a VPN service with an emphasis on online privacy security open source code and freedoms
Pinterest,*.akapinimg.net,2022/06/23,1,Pinterest is an image sharing and social media service
Pinterest,*.pin.it,2022/06/23,1,Pinterest is an image sharing and social media service
Pinterest,*.pinimg.com,2022/06/23,1,Pinterest is an image sharing and social media service
Pinterest,*.pinterest.at,2022/06/23,1,Pinterest is an image sharing and social media service
Pinterest,*.pinterest.ca,2022/06/23,1,Pinterest is an image sharing and social media service
Pinterest,*.pinterest.ch,2022/06/23,1,Pinterest is an image sharing and social media service
Pinterest,*.pinterest.cl,2022/06/23,1,Pinterest is an image sharing and social media service
Pinterest,*.pinterest.co.kr,2022/06/23,1,Pinterest is an image sharing and social media service
Pinterest,*.pinterest.co.uk,2022/06/23,1,Pinterest is an image sharing and social media service
Pinterest,*.pinterest.com,2022/06/23,1,Pinterest is an image sharing and social media service
Pinterest,*.pinterest.com.au,2022/06/23,1,Pinterest is an image sharing and social media service
Pinterest,*.pinterest.com.mx,2022/06/23,1,Pinterest is an image sharing and social media service
Pinterest,*.pinterest.de,2022/06/23,1,Pinterest is an image sharing and social media service
Pinterest,*.pinterest.dk,2022/06/23,1,Pinterest is an image sharing and social media service
Pinterest,*.pinterest.es,2022/06/23,1,Pinterest is an image sharing and social media service
Pinterest,*.pinterest.fr,2022/06/23,1,Pinterest is an image sharing and social media service
Pinterest,*.pinterest.ie,2022/06/23,1,Pinterest is an image sharing and social media service
Pinterest,*.pinterest.it,2022/06/23,1,Pinterest is an image sharing and social media service
Pinterest,*.pinterest.jp,2022/06/23,1,Pinterest is an image sharing and social media service
Pinterest,*.pinterest.net,2022/06/23,1,Pinterest is an image sharing and social media service
Pinterest,*.pinterest.nz,2022/06/23,1,Pinterest is an image sharing and social media service
Pinterest,*.pinterest.ph,2022/06/23,1,Pinterest is an image sharing and social media service
Pinterest,*.pinterest.pt,2022/06/23,1,Pinterest is an image sharing and social media service
Pinterest,*.pinterest.ru,2022/06/23,1,Pinterest is an image sharing and social media service
Pinterest,*.pinterest.se,2022/06/23,1,Pinterest is an image sharing and social media service
Pinterest,*.pinterestmail.com,2022/06/23,1,Pinterest is an image sharing and social media service
Pinterest,2-01-37d2-0018.cdx.cedexis.net,2022/06/23,1,Pinterest is an image sharing and social media service
Pinterest,akapinimg.net,2022/06/23,1,Pinterest is an image sharing and social media service
Pinterest,ar-pinterest-com.cdn.ampproject.org,2022/06/23,1,Pinterest is an image sharing and social media service
Pinterest,e6449.a.akamaiedge.net,2022/06/23,1,Pinterest is an image sharing and social media service
Pinterest,pin.it,2022/06/23,1,Pinterest is an image sharing and social media service
Pinterest,pinimg.com,2022/06/23,1,Pinterest is an image sharing and social media service
Pinterest,pinimg.com.cdn.cloudflare.net,2022/06/23,1,Pinterest is an image sharing and social media service
Pinterest,pinterest.at,2022/06/23,1,Pinterest is an image sharing and social media service
Pinterest,pinterest.ca,2022/06/23,1,Pinterest is an image sharing and social media service
Pinterest,pinterest.ch,2022/06/23,1,Pinterest is an image sharing and social media service
Pinterest,pinterest.cl,2022/06/23,1,Pinterest is an image sharing and social media service
Pinterest,pinterest.co.kr,2022/06/23,1,Pinterest is an image sharing and social media service
Pinterest,pinterest.co.uk,2022/06/23,1,Pinterest is an image sharing and social media service
Pinterest,pinterest.com,2022/06/23,1,Pinterest is an image sharing and social media service
Pinterest,pinterest.com.au,2022/06/23,1,Pinterest is an image sharing and social media service
Pinterest,pinterest.com.mx,2022/06/23,1,Pinterest is an image sharing and social media service
Pinterest,pinterest.de,2022/06/23,1,Pinterest is an image sharing and social media service
Pinterest,pinterest.dk,2022/06/23,1,Pinterest is an image sharing and social media service
Pinterest,pinterest.es,2022/06/23,1,Pinterest is an image sharing and social media service
Pinterest,pinterest.et.e.sparkpost.com,2022/06/23,1,Pinterest is an image sharing and social media service
Pinterest,pinterest.fr,2022/06/23,1,Pinterest is an image sharing and social media service
Pinterest,pinterest.global.map.fastly.net,2022/06/23,1,Pinterest is an image sharing and social media service
Pinterest,pinterest.ie,2022/06/23,1,Pinterest is an image sharing and social media service
Pinterest,pinterest.it,2022/06/23,1,Pinterest is an image sharing and social media service
Pinterest,pinterest.jp,2022/06/23,1,Pinterest is an image sharing and social media service
Pinterest,pinterest.net,2022/06/23,1,Pinterest is an image sharing and social media service
Pinterest,pinterest.nz,2022/06/23,1,Pinterest is an image sharing and social media service
Pinterest,pinterest.ph,2022/06/23,1,Pinterest is an image sharing and social media service
Pinterest,pinterest.pt,2022/06/23,1,Pinterest is an image sharing and social media service
Pinterest,pinterest.ru,2022/06/23,1,Pinterest is an image sharing and social media service
Pinterest,pinterest.se,2022/06/23,1,Pinterest is an image sharing and social media service
Pinterest,pinterestmail.com,2022/06/23,1,Pinterest is an image sharing and social media service
Pinterest,vpc-trk-10d1b1f8032805fc.elb.us-east-1.amazonaws.com,2022/06/23,1,Pinterest is an image sharing and social media service
PKOBankPolski,*.ipko.pl,2022/06/23,1,
PKOBankPolski,*.ipkobiznes.pl,2022/06/23,1,
PKOBankPolski,*.pkobp.pl,2022/06/23,1,
PKOBankPolski,ipko.pl,2022/06/23,1,
PKOBankPolski,ipkobiznes.pl,2022/06/23,1,
PKOBankPolski,pkobp.pl,2022/06/23,1,
PolishGovernment,*.gov.pl,2022/06/23,1,
PolishGovernment,*.mil.pl,2022/06/23,1,
PolishGovernment,*.policja.pl,2022/06/23,1,
PolishGovernment,*.wojsko-polskie.pl,2022/06/23,1,
PolishGovernment,*.zus.pl,2022/06/23,1,
PolishGovernment,gov.pl,2022/06/23,1,
PolishGovernment,mil.pl,2022/06/23,1,
PolishGovernment,policja.pl,2022/06/23,1,
PolishGovernment,wojsko-polskie.pl,2022/06/23,1,
PolishGovernment,zus.pl,2022/06/23,1,
Quad9DNS,*.dns.quad9.net,2022/07/16,1,Quad9 is a free service that replaces your default ISP or enterprise Domain Name Server (DNS) configuration also with malware blocking
Quad9DNS,*.dns10.quad9.net,2022/07/16,1,Quad9 is a free service that replaces your default ISP or enterprise Domain Name Server (DNS) configuration also with malware blocking
Quad9DNS,*.dns11.quad9.net,2022/07/16,1,Quad9 is a free service that replaces your default ISP or enterprise Domain Name Server (DNS) configuration also with malware blocking
Quad9DNS,149.112.112.10,2022/07/16,1,Quad9 is a free service that replaces your default ISP or enterprise Domain Name Server (DNS) configuration also with malware blocking
Quad9DNS,149.112.112.11,2022/07/16,1,Quad9 is a free service that replaces your default ISP or enterprise Domain Name Server (DNS) configuration also with malware blocking
Quad9DNS,149.112.112.112,2022/07/16,1,Quad9 is a free service that replaces your default ISP or enterprise Domain Name Server (DNS) configuration also with malware blocking
Quad9DNS,2620:fe::10,2022/07/16,1,Quad9 is a free service that replaces your default ISP or enterprise Domain Name Server (DNS) configuration also with malware blocking
Quad9DNS,2620:fe::11,2022/07/16,1,Quad9 is a free service that replaces your default ISP or enterprise Domain Name Server (DNS) configuration also with malware blocking
Quad9DNS,2620:fe::9,2022/07/16,1,Quad9 is a free service that replaces your default ISP or enterprise Domain Name Server (DNS) configuration also with malware blocking
Quad9DNS,2620:fe::fe,2022/07/16,1,Quad9 is a free service that replaces your default ISP or enterprise Domain Name Server (DNS) configuration also with malware blocking
Quad9DNS,2620:fe::fe:10,2022/07/16,1,Quad9 is a free service that replaces your default ISP or enterprise Domain Name Server (DNS) configuration also with malware blocking
Quad9DNS,2620:fe::fe:11,2022/07/16,1,Quad9 is a free service that replaces your default ISP or enterprise Domain Name Server (DNS) configuration also with malware blocking
Quad9DNS,9.9.9.10,2022/07/16,1,Quad9 is a free service that replaces your default ISP or enterprise Domain Name Server (DNS) configuration also with malware blocking
Quad9DNS,9.9.9.11,2022/07/16,1,Quad9 is a free service that replaces your default ISP or enterprise Domain Name Server (DNS) configuration also with malware blocking
Quad9DNS,9.9.9.9,2022/07/16,1,Quad9 is a free service that replaces your default ISP or enterprise Domain Name Server (DNS) configuration also with malware blocking
Quad9DNS,dns.quad9.net,2022/07/16,1,Quad9 is a free service that replaces your default ISP or enterprise Domain Name Server (DNS) configuration also with malware blocking
Quad9DNS,dns10.quad9.net,2022/07/16,1,Quad9 is a free service that replaces your default ISP or enterprise Domain Name Server (DNS) configuration also with malware blocking
Quad9DNS,dns11.quad9.net,2022/07/16,1,Quad9 is a free service that replaces your default ISP or enterprise Domain Name Server (DNS) configuration also with malware blocking
RBackup,*.remote-backup.com,2022/07/15,1,RBackup provides Online Backup Services
RBackup,remote-backup.com,2022/07/15,1,RBackup provides Online Backup Services
Reddit,*.2kbc0d48tv3j.stspg-customer.com,2022/06/23,1,
Reddit,*.amp-reddit-com.cdn.ampproject.org,2022/06/23,1,
Reddit,*.prod-3-afd2022-lb-1642751420.us-east-1.elb.amazonaws.com,2022/06/23,1,
Reddit,*.redd.it,2022/06/23,1,
Reddit,*.reddit.com,2022/06/23,1,
Reddit,*.reddit.map.fastly.net,2022/06/23,1,
Reddit,*.redditblog.com,2022/06/23,1,
Reddit,*.redditinc.com,2022/06/23,1,
Reddit,*.redditmail.com,2022/06/23,1,
Reddit,*.redditmedia.com,2022/06/23,1,
Reddit,*.redditstatic.com,2022/06/23,1,
Reddit,*.redditstatus.com,2022/06/23,1,
Reddit,redd.it,2022/06/23,1,
Reddit,reddit.com,2022/06/23,1,
Reddit,redditblog.com,2022/06/23,1,
Reddit,redditinc.com,2022/06/23,1,
Reddit,redditmail.com,2022/06/23,1,
Reddit,redditmedia.com,2022/06/23,1,
Reddit,redditstatic.com,2022/06/23,1,
Reddit,redditstatus.com,2022/06/23,1,
RemotePC,*.remotepc.com,2022/06/24,1,RemotePC provides remote access and desktop solutions
RemotePC,remotepc.com,2022/06/24,1,RemotePC provides remote access and desktop solutions
RingCentral,*.glip.com,2022/06/23,1,RingCentral is a provider of global enterprise cloud communications and collaboration solutions
RingCentral,*.ringcentral.112.2o7.net,2022/06/23,1,RingCentral is a provider of global enterprise cloud communications and collaboration solutions
RingCentral,*.ringcentral.biz,2022/06/23,1,RingCentral is a provider of global enterprise cloud communications and collaboration solutions
RingCentral,*.ringcentral.co.uk,2022/06/23,1,RingCentral is a provider of global enterprise cloud communications and collaboration solutions
RingCentral,*.ringcentral.com,2022/06/23,1,RingCentral is a provider of global enterprise cloud communications and collaboration solutions
RingCentral,e3743.c.akamaiedge.net,2022/06/23,1,RingCentral is a provider of global enterprise cloud communications and collaboration solutions
RingCentral,glip.com,2022/06/23,1,RingCentral is a provider of global enterprise cloud communications and collaboration solutions
RingCentral,ringcentral.112.2o7.net,2022/06/23,1,RingCentral is a provider of global enterprise cloud communications and collaboration solutions
RingCentral,ringcentral.biz,2022/06/23,1,RingCentral is a provider of global enterprise cloud communications and collaboration solutions
RingCentral,ringcentral.co.uk,2022/06/23,1,RingCentral is a provider of global enterprise cloud communications and collaboration solutions
RingCentral,ringcentral.com,2022/06/23,1,RingCentral is a provider of global enterprise cloud communications and collaboration solutions
RingCentral,ringcentral.com.ssl.sc.omtrdc.net,2022/06/23,1,RingCentral is a provider of global enterprise cloud communications and collaboration solutions
Skype,*.skype.com,2022/06/23,1,Skype is a popular voice and video chat service
Skype,*.skypeassets.com,2022/06/23,1,Skype is a popular voice and video chat service
Skype,skype-calling-missedcallsregistrar-prod-wus.cloudapp.net,2022/06/23,1,Skype is a popular voice and video chat service
Skype,skype.akadns.net,2022/06/23,1,Skype is a popular voice and video chat service
Skype,skype.com,2022/06/23,1,Skype is a popular voice and video chat service
Skype,skypeassets.com,2022/06/23,1,Skype is a popular voice and video chat service
Slack,*.slack-core.com,2022/06/23,1,
Slack,*.slack-edge.com,2022/06/23,1,
Slack,*.slack-files.com,2022/06/23,1,
Slack,*.slack-imgs.com,2022/06/23,1,
Slack,*.slack-msgs.com,2022/06/23,1,
Slack,*.slack-redir.net,2022/06/23,1,
Slack,*.slack.com,2022/06/23,1,
Slack,*.slackb.com,2022/06/23,1,
Slack,slack-core.com,2022/06/23,1,
Slack,slack-edge.com,2022/06/23,1,
Slack,slack-files.com,2022/06/23,1,
Slack,slack-imgs.com,2022/06/23,1,
Slack,slack-msgs.com,2022/06/23,1,
Slack,slack-redir.net,2022/06/23,1,
Slack,slack.com,2022/06/23,1,
Slack,slack.map.fastly.net,2022/06/23,1,
Slack,slack.ssl.zendesk.com,2022/06/23,1,
Slack,slackb.com,2022/06/23,1,
Snapchat,*.addlive.io,2022/06/23,1,
Snapchat,*.feelinsonice.com,2022/06/23,1,
Snapchat,*.sc-cdn.net,2022/06/23,1,
Snapchat,*.sc-corp.net,2022/06/23,1,
Snapchat,*.sc-gw.com,2022/06/23,1,
Snapchat,*.sc-jpl.com,2022/06/23,1,
Snapchat,*.sc-prod.net,2022/06/23,1,
Snapchat,*.sc-static.net,2022/06/23,1,
Snapchat,*.snap-dev.net,2022/06/23,1,
Snapchat,*.snapads.com,2022/06/23,1,
Snapchat,*.snapchat.com,2022/06/23,1,
Snapchat,*.snapkit.com,2022/06/23,1,
Snapchat,a8bed90c7b08811e88de00a555ee542a-365725862.us-east-1.elb.amazonaws.com,2022/06/23,1,
Snapchat,addlive.io,2022/06/23,1,
Snapchat,feelinsonice.appspot.com,2022/06/23,1,
Snapchat,feelinsonice.com,2022/06/23,1,
Snapchat,sc-cdn.net,2022/06/23,1,
Snapchat,sc-corp.net,2022/06/23,1,
Snapchat,sc-gw.com,2022/06/23,1,
Snapchat,sc-jpl.com,2022/06/23,1,
Snapchat,sc-prod.net,2022/06/23,1,
Snapchat,sc-static.net,2022/06/23,1,
Snapchat,snap-dev.net,2022/06/23,1,
Snapchat,snapads.com,2022/06/23,1,
Snapchat,snapchat.com,2022/06/23,1,
Snapchat,snapkit.com,2022/06/23,1,
SoftEther,*.sehosts.com,2022/06/24,1,SoftEther VPN is free open-source cross-platform multi-protocol VPN client and VPN server software
SoftEther,*.softether-network.net,2022/06/24,1,SoftEther VPN is free open-source cross-platform multi-protocol VPN client and VPN server software
SoftEther,*.softether.org,2022/06/24,1,SoftEther VPN is free open-source cross-platform multi-protocol VPN client and VPN server software
SoftEther,sehosts.com,2022/06/24,1,SoftEther VPN is free open-source cross-platform multi-protocol VPN client and VPN server software
SoftEther,softether-network.net,2022/06/24,1,SoftEther VPN is free open-source cross-platform multi-protocol VPN client and VPN server software
SoftEther,softether.org,2022/06/24,1,SoftEther VPN is free open-source cross-platform multi-protocol VPN client and VPN server software
SOSOnlineBackup,*.sosonlinebackup.com,2022/07/15,1,SOS Online Backup provides online backup remote data access versioning and more
SOSOnlineBackup,sosonlinebackup.com,2022/07/15,1,SOS Online Backup provides online backup remote data access versioning and more
Spotify,*.scdn.co,2022/06/23,1,
Spotify,*.spotify.com,2022/06/23,1,
Spotify,audio-ak-spotify-com.akamaized.net,2022/06/23,1,
Spotify,audio-akp-quic-control-spotify-com.akamaized.net,2022/06/23,1,
Spotify,scdn.co,2022/06/23,1,
Spotify,spotify.com,2022/06/23,1,
Surfshark,*.surfshark.com,2022/06/24,1,Surfshark is a virtual private network (VPN) service provider
Surfshark,*.surfsharkstatus.com,2022/06/24,1,Surfshark is a virtual private network (VPN) service provider
Surfshark,surfshark.com,2022/06/24,1,Surfshark is a virtual private network (VPN) service provider
Surfshark,surfshark.ssl.zendesk.com,2022/06/24,1,Surfshark is a virtual private network (VPN) service provider
Surfshark,surfsharkstatus.com,2022/06/24,1,Surfshark is a virtual private network (VPN) service provider
Sympatia,*.sympatia.onet.pl,2022/06/24,1,Sympatia is dating plaform from Poland
Sympatia,*.sympatia.pl,2022/06/24,1,Sympatia is dating plaform from Poland
Sympatia,sympatia.onet.pl,2022/06/24,1,Sympatia is dating plaform from Poland
Sympatia,sympatia.pl,2022/06/24,1,Sympatia is dating plaform from Poland
TeamSpeak,*.myteamspeak.com,2022/06/23,1,TeamSpeak is a proprietary voice-over-Internet Protocol (VoIP) application for audio communication between users on a chat channel
TeamSpeak,*.teamspeak-services.com,2022/06/23,1,TeamSpeak is a proprietary voice-over-Internet Protocol (VoIP) application for audio communication between users on a chat channel
TeamSpeak,*.teamspeak.com,2022/06/23,1,TeamSpeak is a proprietary voice-over-Internet Protocol (VoIP) application for audio communication between users on a chat channel
TeamSpeak,myteamspeak.com,2022/06/23,1,TeamSpeak is a proprietary voice-over-Internet Protocol (VoIP) application for audio communication between users on a chat channel
TeamSpeak,teamspeak-services.com,2022/06/23,1,TeamSpeak is a proprietary voice-over-Internet Protocol (VoIP) application for audio communication between users on a chat channel
TeamSpeak,teamspeak.com,2022/06/23,1,TeamSpeak is a proprietary voice-over-Internet Protocol (VoIP) application for audio communication between users on a chat channel
TeamSpeak,teamspeakhelp.ssl.zendesk.com,2022/06/23,1,TeamSpeak is a proprietary voice-over-Internet Protocol (VoIP) application for audio communication between users on a chat channel
Telegram,*.t.me,2022/06/23,1,
Telegram,*.telegram.org,2022/06/23,1,
Telegram,*.telesco.pe,2022/06/23,1,
Telegram,t.me,2022/06/23,1,
Telegram,telegram.org,2022/06/23,1,
Telegram,telesco.pe,2022/06/23,1,
Telehop,*.telehop.com,2022/06/23,1,Telehop is a telecom company in Canada
Telehop,*.telehoppbx.com,2022/06/23,1,Telehop is a telecom company in Canada
Telehop,telehop.com,2022/06/23,1,Telehop is a telecom company in Canada
Telehop,telehoppbx.com,2022/06/23,1,Telehop is a telecom company in Canada
ThePirateBay,*.pirate-bay.net,2022/06/24,1,The Pirate Bay (sometimes abbreviated to TPB) is an online index of digital content of entertainment media and software mostly torrents and often illegal copies of everything
ThePirateBay,*.thepirate-bay.org,2022/06/24,1,The Pirate Bay (sometimes abbreviated to TPB) is an online index of digital content of entertainment media and software mostly torrents and often illegal copies of everything
ThePirateBay,*.thepiratebay.us.com,2022/06/24,1,The Pirate Bay (sometimes abbreviated to TPB) is an online index of digital content of entertainment media and software mostly torrents and often illegal copies of everything
ThePirateBay,*.thepiratebay.us.org,2022/06/24,1,The Pirate Bay (sometimes abbreviated to TPB) is an online index of digital content of entertainment media and software mostly torrents and often illegal copies of everything
ThePirateBay,*.thepiratebays3.com,2022/06/24,1,The Pirate Bay (sometimes abbreviated to TPB) is an online index of digital content of entertainment media and software mostly torrents and often illegal copies of everything
ThePirateBay,pirate-bay.net,2022/06/24,1,The Pirate Bay (sometimes abbreviated to TPB) is an online index of digital content of entertainment media and software mostly torrents and often illegal copies of everything
ThePirateBay,thepirate-bay.org,2022/06/24,1,The Pirate Bay (sometimes abbreviated to TPB) is an online index of digital content of entertainment media and software mostly torrents and often illegal copies of everything
ThePirateBay,thepiratebay.us.com,2022/06/24,1,The Pirate Bay (sometimes abbreviated to TPB) is an online index of digital content of entertainment media and software mostly torrents and often illegal copies of everything
ThePirateBay,thepiratebay.us.org,2022/06/24,1,The Pirate Bay (sometimes abbreviated to TPB) is an online index of digital content of entertainment media and software mostly torrents and often illegal copies of everything
ThePirateBay,thepiratebays3.com,2022/06/24,1,The Pirate Bay (sometimes abbreviated to TPB) is an online index of digital content of entertainment media and software mostly torrents and often illegal copies of everything
TikTok,*.muscdn.com,2022/06/23,1,
TikTok,*.musemuse.cn,2022/06/23,1,
TikTok,*.musical.ly,2022/06/23,1,
TikTok,*.sgsnssdk.com,2022/06/23,1,
TikTok,*.tiktok.com,2022/06/23,1,
TikTok,*.tiktokcdn-in.com,2022/06/23,1,
TikTok,*.tiktokcdn-us.com,2022/06/23,1,
TikTok,*.tiktokcdn.com,2022/06/23,1,
TikTok,*.tiktokcdn.com.atomile.com,2022/06/23,1,
TikTok,*.tiktokcdn.com.c.bytetcdn.com,2022/06/23,1,
TikTok,*.tiktokcdn.com.c.worldfcdn.com,2022/06/23,1,
TikTok,*.tiktokcdn.com.rocket-cdn.com,2022/06/23,1,
TikTok,*.tiktokd.org,2022/06/23,1,
TikTok,*.tiktokv.com,2022/06/23,1,
TikTok,*.tlivecdn.com,2022/06/23,1,
TikTok,*.ttlivecdn.com,2022/06/23,1,
TikTok,*.ttoversea.net,2022/06/23,1,
TikTok,*isnssdk.com,2022/06/23,1,
TikTok,1006686430.rsc.cdn77.org,2022/06/23,1,
TikTok,a1240.b.akamai.net,2022/06/23,1,
TikTok,abtest-sg-tiktok.byteoversea.com,2022/06/23,1,
TikTok,abtest-va-tiktok.byteoversea.com,2022/06/23,1,
TikTok,d1urvv9m2chg9l.cloudfront.net,2022/06/23,1,
TikTok,gts.byteoversea.net,2022/06/23,1,
TikTok,isnssdk.com,2022/06/23,1,
TikTok,lf1-ttcdn-tos.pstatp.com,2022/06/23,1,
TikTok,muscdn.com,2022/06/23,1,
TikTok,musemuse.cn,2022/06/23,1,
TikTok,musical.ly,2022/06/23,1,
TikTok,p1-tt-ipv6.byteimg.com,2022/06/23,1,
TikTok,p1-tt.byteimg.com,2022/06/23,1,
TikTok,p16-ad-sg.ibyteimg.com,2022/06/23,1,
TikTok,p16-tiktok-sg.ibyteimg.com,2022/06/23,1,
TikTok,p16-tiktok-sign-va-h2.ibyteimg.com,2022/06/23,1,
TikTok,p16-tiktok-va-h2.ibyteimg.com,2022/06/23,1,
TikTok,p16-tiktok-va.ibyteimg.com,2022/06/23,1,
TikTok,p16-va-tiktok.ibyteimg.com,2022/06/23,1,
TikTok,p26-tt.byteimg.com,2022/06/23,1,
TikTok,p3-tt-ipv6.byteimg.com,2022/06/23,1,
TikTok,p9-tt.byteimg.com,2022/06/23,1,
TikTok,pull-f3-hs.pstatp.com,2022/06/23,1,
TikTok,pull-f5-hs.flive.pstatp.com,2022/06/23,1,
TikTok,pull-f5-hs.pstatp.com,2022/06/23,1,
TikTok,pull-f5-mus.pstatp.com,2022/06/23,1,
TikTok,pull-flv-f1-hs.pstatp.com,2022/06/23,1,
TikTok,pull-flv-f1-hs.pstatp.com.wsdvs.com,2022/06/23,1,
TikTok,pull-flv-f6-hs.pstatp.com,2022/06/23,1,
TikTok,pull-flv-l1-hs.pstatp.com,2022/06/23,1,
TikTok,pull-flv-l1-mus.pstatp.com,2022/06/23,1,
TikTok,pull-flv-l6-hs.pstatp.com,2022/06/23,1,
TikTok,pull-hls-l1-mus.pstatp.com,2022/06/23,1,
TikTok,pull-l3-hs.pstatp.com,2022/06/23,1,
TikTok,pull-rtmp-f1-hs.pstatp.com,2022/06/23,1,
TikTok,pull-rtmp-f6-hs.pstatp.com,2022/06/23,1,
TikTok,pull-rtmp-l1-hs.pstatp.com,2022/06/23,1,
TikTok,pull-rtmp-l1-mus.pstatp.com,2022/06/23,1,
TikTok,pull-rtmp-l6-hs.pstatp.com,2022/06/23,1,
TikTok,quic-tiktok-core-proxy-i18n-gcpva.byteoversea.net,2022/06/23,1,
TikTok,quic-tiktok-proxy-i18n-gcpva.byteoversea.net,2022/06/23,1,
TikTok,sf1-ttcdn-tos.pstatp.com,2022/06/23,1,
TikTok,sf16-ttcdn-tos.ipstatp.com,2022/06/23,1,
TikTok,sf6-ttcdn-tos.pstatp.com,2022/06/23,1,
TikTok,sgsnssdk.com,2022/06/23,1,
TikTok,tiktok-lb-alisg.byteoversea.net,2022/06/23,1,
TikTok,tiktok-lb-maliva.byteoversea.net,2022/06/23,1,
TikTok,tiktok.bytedance.map.fastly.net,2022/06/23,1,
TikTok,tiktok.com,2022/06/23,1,
TikTok,tiktokcdn-in.com,2022/06/23,1,
TikTok,tiktokcdn-us.com,2022/06/23,1,
TikTok,tiktokcdn-us.com.c.footprint.net,2022/06/23,1,
TikTok,tiktokcdn.com,2022/06/23,1,
TikTok,tiktokcdn.com.atomile.com,2022/06/23,1,
TikTok,tiktokcdn.com.c.bytetcdn.com,2022/06/23,1,
TikTok,tiktokcdn.com.c.worldfcdn.com,2022/06/23,1,
TikTok,tiktokcdn.com.liveplay.myqcloud.com,2022/06/23,1,
TikTok,tiktokcdn.com.rocket-cdn.com,2022/06/23,1,
TikTok,tiktokcdn.com.w.kunlunsl.com,2022/06/23,1,
TikTok,tiktokd.org,2022/06/23,1,
TikTok,tiktokv.com,2022/06/23,1,
TikTok,tiktokv.com.c.worldfcdn2.com,2022/06/23,1,
TikTok,tlivecdn.com,2022/06/23,1,
TikTok,ttlivecdn.com,2022/06/23,1,
TikTok,ttlivecdn.com.c.worldfcdn.com,2022/06/23,1,
TikTok,ttoversea.net,2022/06/23,1,
Tinder,*.gotinder.com,2022/06/23,1,
Tinder,*.tinder.com,2022/06/23,1,
Tinder,*.tindersparks.com,2022/06/23,1,
Tinder,gotinder.com,2022/06/23,1,
Tinder,tinder.com,2022/06/23,1,
Tinder,tinder.ssl.zendesk.com,2022/06/23,1,
Tinder,tindersparks.com,2022/06/23,1,
Tor,*.torproject.org,2022/06/24,1,Tor is a free software that prevents people from learning your location or browsing habits by letting you communicate anonymously on the Internet It also helps you bypass censorship online
Tor,torproject.org,2022/06/24,1,Tor is a free software that prevents people from learning your location or browsing habits by letting you communicate anonymously on the Internet It also helps you bypass censorship online
TotalBackup,*.totalbackup.me,2022/07/15,1,Total Backup is cloud backup solution provided by Sinersio Data Center from Poland
TotalBackup,totalbackup.me,2022/07/15,1,Total Backup is cloud backup solution provided by Sinersio Data Center from Poland
Tuenti,*.tuenti.com,2022/06/23,1,Tuenti is a mobile operator brand
Tuenti,*.tuenti.com.ar,2022/06/23,1,Tuenti is a mobile operator brand
Tuenti,*.tuenti.ec,2022/06/23,1,Tuenti is a mobile operator brand
Tuenti,*.tuenti.es,2022/06/23,1,Tuenti is a mobile operator brand
Tuenti,*.tuenti.gt,2022/06/23,1,Tuenti is a mobile operator brand
Tuenti,*.tuenti.pe,2022/06/23,1,Tuenti is a mobile operator brand
Tuenti,tuenti.com,2022/06/23,1,Tuenti is a mobile operator brand
Tuenti,tuenti.com.ar,2022/06/23,1,Tuenti is a mobile operator brand
Tuenti,tuenti.ec,2022/06/23,1,Tuenti is a mobile operator brand
Tuenti,tuenti.es,2022/06/23,1,Tuenti is a mobile operator brand
Tuenti,tuenti.gt,2022/06/23,1,Tuenti is a mobile operator brand
Tuenti,tuenti.pe,2022/06/23,1,Tuenti is a mobile operator brand
Tunnelbear,*.tunnelbear.com,2022/06/24,1,Tunnelbear is a two-switch VPN service that allows its users to access content across the world
Tunnelbear,tunnelbear.com,2022/06/24,1,Tunnelbear is a two-switch VPN service that allows its users to access content across the world
Twilio,*.twilio.com,2022/06/23,1,Twilio develops products to make and receive phone calls send and receive text messages
Twilio,alb-rtd-data-delivery-1243340996.us-east-1.elb.amazonaws.com,2022/06/23,1,Twilio develops products to make and receive phone calls send and receive text messages
Twilio,twilio.com,2022/06/23,1,Twilio develops products to make and receive phone calls send and receive text messages
Twilio,twilio.netlifyglobalcdn.com,2022/06/23,1,Twilio develops products to make and receive phone calls send and receive text messages
Twilio,twilio.okta.com,2022/06/23,1,Twilio develops products to make and receive phone calls send and receive text messages
Twilio,twilio.ssl.zendesk.com,2022/06/23,1,Twilio develops products to make and receive phone calls send and receive text messages
Twitter,*.ads-twitter.com,2022/06/23,1,
Twitter,*.periscope.tv,2022/06/23,1,
Twitter,*.pscp.tv,2022/06/23,1,
Twitter,*.t.co,2022/06/23,1,
Twitter,*.tweetdeck.com,2022/06/23,1,
Twitter,*.twitpic.com,2022/06/23,1,
Twitter,*.twitter.co,2022/06/23,1,
Twitter,*.twitter.com,2022/06/23,1,
Twitter,*.twitterinc.com,2022/06/23,1,
Twitter,*.twitteroauth.com,2022/06/23,1,
Twitter,*.twitterstat.us,2022/06/23,1,
Twitter,ads-twitter.com,2022/06/23,1,
Twitter,cs01139.wpc.edgecastcdn.net,2022/06/23,1,
Twitter,e14371.cd.akamaiedge.net,2022/06/23,1,
Twitter,periscope.tv,2022/06/23,1,
Twitter,pscp.tv,2022/06/23,1,
Twitter,pscp.tv.map.fastly.net,2022/06/23,1,
Twitter,t.co,2022/06/23,1,
Twitter,tweetdeck.com,2022/06/23,1,
Twitter,twimg.com,2022/06/23,1,
Twitter,twimg.com,2022/06/23,1,
Twitter,twitpic.com,2022/06/23,1,
Twitter,twitter.co,2022/06/23,1,
Twitter,twitter.com,2022/06/23,1,
Twitter,twitter.com,2022/06/23,1,
Twitter,twitter.com,2022/06/23,1,
Twitter,twitterinc.com,2022/06/23,1,
Twitter,twitterinc.tt.omtrdc.net,2022/06/23,1,
Twitter,twitteroauth.com,2022/06/23,1,
Twitter,twitterstat.us,2022/06/23,1,
Twitter,twttr.com,2022/06/23,1,
Twitter,twttr.com,2022/06/23,1,
Twitter,twttr.net,2022/06/23,1,
Twitter,twttr.net,2022/06/23,1,
Uanataca,*.bit4id.org,2022/07/09,3,
Uanataca,*.electronicid.eu,2022/07/09,3,
Uanataca,*.electronicid.org,2022/07/09,3,
Uanataca,*.uanataca.com,2022/07/09,3,
Uanataca,108.128.52.90,2022/07/09,3,
Uanataca,54.247.147.109,2022/07/09,3,
Uanataca,54.74.168.39,2022/07/09,3,
Uanataca,94.24.113.19,2022/07/09,3,
Uanataca,bit4id.org,2022/07/09,3,
Uanataca,electronicid.eu,2022/07/09,3,
Uanataca,electronicid.org,2022/07/09,3,
Uanataca,production-eid-external-346586324.eu-west-1.elb.amazonaws.com,2022/07/09,3,
Uanataca,uanataca.com,2022/07/09,3,
UKGovernment,*.gov.uk,2022/06/24,1,United Kingdom Government sites
UKGovernment,gov.uk,2022/06/24,1,United Kingdom Government sites
UKGovernment,gov.uk.cdn.cloudflare.net,2022/06/24,1,United Kingdom Government sites
UKGovernment,www-gov-uk.map.fastly.net,2022/06/24,1,United Kingdom Government sites
USGovernment,*.gov,2022/06/24,1,United States Government and Military sites
USGovernment,*.mil,2022/06/24,1,United States Government and Military sites
ValveSteam,*.8686c.com,2022/07/16,2,Steam is a video game digital distribution service and storefront by Valve
ValveSteam,*.s.team,2022/07/16,2,Steam is a video game digital distribution service and storefront by Valve
ValveSteam,*.steam-chat.com,2022/07/16,2,Steam is a video game digital distribution service and storefront by Valve
ValveSteam,*.steamchina.com,2022/07/16,2,Steam is a video game digital distribution service and storefront by Valve
ValveSteam,*.steamcommunity.com,2022/07/16,2,Steam is a video game digital distribution service and storefront by Valve
ValveSteam,*.steamcontent.com,2022/07/16,2,Steam is a video game digital distribution service and storefront by Valve
ValveSteam,*.steamgames.com,2022/07/16,2,Steam is a video game digital distribution service and storefront by Valve
ValveSteam,*.steampowered.com,2022/07/16,2,Steam is a video game digital distribution service and storefront by Valve
ValveSteam,*.steamstatic.com,2022/07/16,2,Steam is a video game digital distribution service and storefront by Valve
ValveSteam,*.steamusercontent.com,2022/07/16,2,Steam is a video game digital distribution service and storefront by Valve
ValveSteam,*.valve.net,2022/07/16,2,Steam is a video game digital distribution service and storefront by Valve
ValveSteam,*.valvesoftware.com,2022/07/16,2,Steam is a video game digital distribution service and storefront by Valve
ValveSteam,8686c.com,2022/07/16,2,Steam is a video game digital distribution service and storefront by Valve
ValveSteam,s.team,2022/07/16,2,Steam is a video game digital distribution service and storefront by Valve
ValveSteam,steam-chat.com,2022/07/16,2,Steam is a video game digital distribution service and storefront by Valve
ValveSteam,steambroadcast.akamaized.net,2022/07/16,2,Steam is a video game digital distribution service and storefront by Valve
ValveSteam,steamchina.com,2022/07/16,2,Steam is a video game digital distribution service and storefront by Valve
ValveSteam,steamcommunity.com,2022/07/16,2,Steam is a video game digital distribution service and storefront by Valve
ValveSteam,steamcontent.com,2022/07/16,2,Steam is a video game digital distribution service and storefront by Valve
ValveSteam,steamcontent.com.c.footprint.net,2022/07/16,2,Steam is a video game digital distribution service and storefront by Valve
ValveSteam,steamgames.com,2022/07/16,2,Steam is a video game digital distribution service and storefront by Valve
ValveSteam,steampowered.com,2022/07/16,2,Steam is a video game digital distribution service and storefront by Valve
ValveSteam,steamstatic.com,2022/07/16,2,Steam is a video game digital distribution service and storefront by Valve
ValveSteam,steamusercontent.com,2022/07/16,2,Steam is a video game digital distribution service and storefront by Valve
ValveSteam,valve.net,2022/07/16,2,Steam is a video game digital distribution service and storefront by Valve
ValveSteam,valvesoftware.com,2022/07/16,2,Steam is a video game digital distribution service and storefront by Valve
Veeam,*.veeam.com,2022/07/15,1,Veeam provides backup disaster recovery and data management solutions
Veeam,veeam.com,2022/07/15,1,Veeam provides backup disaster recovery and data management solutions
Viber,*.viber.com,2022/06/23,1,Viber is a cross-platform voice over IP and instant messaging software application
Viber,alb-sn-http-public-1965732462.us-east-1.elb.amazonaws.com,2022/06/23,1,Viber is a cross-platform voice over IP and instant messaging software application
Viber,viber.com,2022/06/23,1,Viber is a cross-platform voice over IP and instant messaging software application
Viber,viber.com.edgesuite.net,2022/06/23,1,Viber is a cross-platform voice over IP and instant messaging software application
Vimeo,*.vhx.com,2022/06/23,1,
Vimeo,*.vhx.tv,2022/06/23,1,
Vimeo,*.vimeo.com,2022/06/23,1,
Vimeo,*.vimeocdn.com,2022/06/23,1,
Vimeo,vhx.com,2022/06/23,1,
Vimeo,vhx.tv,2022/06/23,1,
Vimeo,vimeo.com,2022/06/23,1,
Vimeo,vimeo.map.fastly.net,2022/06/23,1,
Vimeo,vimeocdn.com,2022/06/23,1,
VKontakte,*.vk-cdn.net,2022/06/23,1,
VKontakte,*.vk-portal.net,2022/06/23,1,
VKontakte,*.vk.com,2022/06/23,1,
VKontakte,*.vk.company,2022/06/23,1,
VKontakte,*.vkuser.net,2022/06/23,1,
VKontakte,*.vkuseraudio.net,2022/06/23,1,
VKontakte,*.vkuservideo.net,2022/06/23,1,
VKontakte,vk-cdn.net,2022/06/23,1,
VKontakte,vk-portal.net,2022/06/23,1,
VKontakte,vk.com,2022/06/23,1,
VKontakte,vk.company,2022/06/23,1,
VKontakte,vkuser.net,2022/06/23,1,
VKontakte,vkuseraudio.net,2022/06/23,1,
VKontakte,vkuservideo.net,2022/06/23,1,
VoIPms,*.voip.ms,2022/06/23,1,VoIP.ms is an internet phone service for your business
VoIPms,voip.ms,2022/06/23,1,VoIP.ms is an internet phone service for your business
Voyant,*.vitelity.com,2022/06/23,1,Voyant provides organizations with Unified communications as a service (UCaaS) SIP trunking messaging
Voyant,*.vitelity.net,2022/06/23,1,Voyant provides organizations with Unified communications as a service (UCaaS) SIP trunking messaging
Voyant,*.voyant.com,2022/06/23,1,Voyant provides organizations with Unified communications as a service (UCaaS) SIP trunking messaging
Voyant,vitelity.com,2022/06/23,1,Voyant provides organizations with Unified communications as a service (UCaaS) SIP trunking messaging
Voyant,vitelity.net,2022/06/23,1,Voyant provides organizations with Unified communications as a service (UCaaS) SIP trunking messaging
Voyant,vitelity.net.cdn.cloudflare.net,2022/06/23,1,Voyant provides organizations with Unified communications as a service (UCaaS) SIP trunking messaging
Voyant,voyant.com,2022/06/23,1,Voyant provides organizations with Unified communications as a service (UCaaS) SIP trunking messaging
WeChat,*.wechat.com,2022/06/23,1,
WeChat,res.wx.qq.com,2022/06/23,1,
WeChat,wechat.com,2022/06/23,1,
WeChat,weixin.qq.com,2022/06/23,1,
WeChat,wxs.qq.com,2022/06/23,1,
Weibo,*.weibo.cn,2022/06/23,1,Sina Weibo is a Chinese microblogging (weibo) website
Weibo,*.weibo.com,2022/06/23,1,Sina Weibo is a Chinese microblogging (weibo) website
Weibo,*.weibocdn.com,2022/06/23,1,Sina Weibo is a Chinese microblogging (weibo) website
Weibo,weibo.cn,2022/06/23,1,Sina Weibo is a Chinese microblogging (weibo) website
Weibo,weibo.com,2022/06/23,1,Sina Weibo is a Chinese microblogging (weibo) website
Weibo,weibocdn.com,2022/06/23,1,Sina Weibo is a Chinese microblogging (weibo) website
Wikipedia,*.wikimedia.org,2022/06/23,1,
Wikipedia,*.wikipedia.org,2022/06/23,1,
Wikipedia,wikimedia.org,2022/06/23,1,
Wikipedia,wikipedia.org,2022/06/23,1,
Wykop,*.wykop.pl,2022/06/24,1,
Wykop,wykop.pl,2022/06/24,1,
Xopero,*.xopero.com,2022/07/15,1,Xopero provides backup and recovery solutions
Xopero,xopero.com,2022/07/15,1,Xopero provides backup and recovery solutions
YouTube,*.googlevideo.com,2022/06/23,1,
YouTube,*.youtu.be,2022/06/23,1,
YouTube,*.youtube-nocookie.com,2022/06/23,1,
YouTube,*.youtube.com,2022/06/23,1,
YouTube,*.youtubeeducation.com,2022/06/23,1,
YouTube,*.youtubekids.com,2022/06/23,1,
YouTube,*.yt.be,2022/06/23,1,
YouTube,*.ytimg.com,2022/06/23,1,
YouTube,googlevideo.com,2022/06/23,1,
YouTube,i-ytimg-com.cdn.ampproject.org,2022/06/23,1,
YouTube,video.google.com,2022/06/23,1,
YouTube,youtu.be,2022/06/23,1,
YouTube,youtube-nocookie.com,2022/06/23,1,
YouTube,youtube.com,2022/06/23,1,
YouTube,youtube.googleapis.com,2022/06/23,1,
YouTube,youtubeeducation.com,2022/06/23,1,
YouTube,youtubeembeddedplayer.googleapis.com,2022/06/23,1,
YouTube,youtubei.googleapis.com,2022/06/23,1,
YouTube,youtubekids.com,2022/06/23,1,
YouTube,yt*.ggpht.com,2022/06/23,1,
YouTube,yt.be,2022/06/23,1,
YouTube,ytimg.com,2022/06/23,1,